comments,sentiment
chak de fat de india who is from india,Positive Comment
Anybody from 2024--------------&gt;,Positive Comment
The fact you realise that this song views are more than world population ğŸ˜…ğŸ¶,Positive Comment
Who is watching this masterpiece in 14 feb 2024,Positive Comment
I remember listening to this when it came out,Positive Comment
Muito bom ğŸ˜ŠğŸ˜Š,Positive Comment
THEY LYRICS THO,Positive Comment
fortniteğŸ‘¨ğŸ»,Positive Comment
"PopulaÃ§Ã£o mundial com 8.019 bilhÃµes.<br><br>Despacito com 8.377 bilhÃµes de views. Algo de errado, tÃ¡ muito errado.",Positive Comment
Como es posible que esta canciÃ³n tenga 8 billones de reproducciones lol,Positive Comment
"<a href=""https://www.youtube.com/watch?v=kJQP7kiw5Fk&amp;t=5"">0:05</a>",Negative Comment
"<a href=""https://youtube.com/@gamefinity000?si=4OCx7Q296VrQXU5W"">https://youtube.com/@gamefinity000?si=4OCx7Q296VrQXU5W</a>",Positive Comment
Má»™t ngÆ°á»i viá»‡t nam. Cáº£m nháº­n tuyá»‡t vá»i vá» bÃ i hÃ¡t,Positive Comment
Punjabi,Positive Comment
"fire fire jui jui wooooooooooo haaaaaaaaaaa despacito woooooo aaaaaaaaaaaaaaa kelaaaaa laura love from assam to u all of u here love u bohut vibe korilu kelaaa mojaaaaa late nights with futsal and game , moja lagise kela moja ako enke bonaba gompaisoo love you all keep this up and have fun despacito mane ki hoi no asnwer me  ASAP. LOVE FROM ASSAM TO U ALL COME TO ASSAM TO PERFORM A PERFORMANCE FOR US WE ALL CHERISH U FOR SURE SO DO COME HERE ASAP LOVE FROM ASSAM . MY NAME IS BORNO PROTIM DUWARA MUR GHAR IS IN TINSUKIA",Positive Comment
à¹‰,Positive Comment
â¤â¤â¤,Positive Comment
ĞšÑ‚Ğ¾ ÑĞ»ÑƒÑˆĞ°ĞµÑ‚ ÑÑ‚Ğ¾  Ğ² 2024?,Positive Comment
quien esta aqui en 2024,Positive Comment
Who is here in 2024,Positive Comment
I love car 1% <br> I love car 2%<br>  I love car 3%<br>   I love car 4%<br>    I love car 5%<br>     I love car 6%<br>      I love car 7%<br>       I love car 8%<br>        I love car 9%<br>         I love car 10%<br>          I love car 11%<br>           I love car 12%<br>            I love car 13%<br>             I love car 14%<br>              I love car 15%<br>               I love car 16%<br>                I love car 17%<br>                 I love car 18%<br>                  I love car 19%<br>                   I love car 20%<br>                  I love car 21%<br>                 I love car 22%<br>                I love car 23%<br>               I love car 24%<br>              I love car 25%<br>             I love car 26%<br>            I love car 27%<br>           I love car 28%<br>          I love car 29%<br>         I love car 30%<br>        I love car 31%<br>       I love car 32%<br>      I love car 33%<br>     I love car 34%<br>    I love car 35%<br>   I love car 36%<br>  I love car 37%<br> I love car 38%<br>I love car 39%<br> I love car 40%<br>  I love car 41%<br>   I love car 42%<br>    I love car 43%<br>     I love car 44%<br>      I love car 45%<br>       I love car 46%<br>        I love car 47%<br>         I love car 48%<br>          I love car 49%<br>           I love car 50%<br>            I love car 51%<br>             I love car 52%<br>              I love car 53%<br>               I love car 54%<br>                I love car 55%<br>                 I love car 56%<br>                  I love car 57%<br>                   I love car 58%<br>                  I love car 59%<br>                 I love car 60%<br>                I love car 61%<br>               I love car 62%<br>              I love car 63%<br>             I love car 64%<br>            I love car 65%<br>           I love car 66%<br>          I love car 67%<br>         I love car 68%<br>        I love car 69%<br>       I love car 70%<br>      I love car 71%<br>     I love car 72%<br>    I love car 73%<br>   I love car 74%<br>  I love car 75%<br> I love car 76%<br>I love car 77%<br> I love car 78%<br>  I love car 79%<br>   I love car 80%<br>    I love car 81%<br>     I love car 82%<br>      I love car 83%<br>       I love car 84%<br>        I love car 85%<br>         I love car 86%<br>          I love car 87%<br>           I love car 88%<br>            I love car 89%<br>             I love car 90%<br>              I love car 91%<br>               I love car 92%<br>                I love car 93%<br>                 I love car 94%<br>                  I love car 95%<br>                   I love car 96%<br>                  I love car 97%<br>                 I love car 98%<br>                I love car 99%<br>               I love car 100%<br>              I love car 101%<br>             I love car 102%<br>            I love car 103%<br>           I love car 104%<br>          I love car 105%<br>         I love car 106%<br>        I love car 107%<br>       I love car 108%<br>      I love car 109%<br>     I love car 110%<br>    I love car 111%<br>   I love car 112%<br>  I love car 113%<br> I love car 114%<br>I love car 115%<br> I love car 116%<br>  I love car 117%<br>   I love car 118%<br>    I love car 119%<br>     I love car 120%<br>      I love car 121%<br>       I love car 122%<br>        I love car 123%<br>         I love car 124%<br>          I love car 125%<br>           I love car 126%<br>            I love car 127%<br>             I love car 128%<br>              I love car 129%<br>               I love car 130%<br>                I love car 131%<br>                 I love car 132%<br>                  I love car 133%<br>                   I love car 134%<br>                  I love car 135%<br>                 I love car 136%<br>                I love car 137%<br>               I love car 138%<br>              I love car 139%<br>             I love car 140%<br>            I love car 141%<br>           I love car 142%<br>          I love car 143%<br>         I love car 144%<br>        I love car 145%<br>       I love car 146%<br>      I love car 147%<br>     I love car 148%<br>    I love car 149%<br>   I love car 150%<br>  I love car 151%<br> I love car 152%<br>I love car 153%<br> I love car 154%<br>  I love car 155%<br>   I love car 156%<br>    I love car 157%<br>     I love car 158%<br>      I love car 159%<br>       I love car 160%<br>        I love car 161%<br>         I love car 162%<br>          I love car 163%<br>           I love car 164%<br>            I love car 165%<br>             I love car 166%<br>              I love car 167%<br>               I love car 168%<br>                I love car 169%<br>                 I love car 170%<br>                  I love car 171%<br>                   I love car 172%<br>                  I love car 173%<br>                 I love car 174%<br>                I love car 175%<br>               I love car 176%<br>              I love car 177%<br>             I love car 178%<br>            I love car 179%<br>           I love car 180%<br>          I love car 181%<br>         I love car 182%<br>        I love car 183%<br>       I love car 184%<br>      I love car 185%<br>     I love car 186%<br>    I love car 187%<br>   I love car 188%<br>  I love car 189%<br> I love car 190%<br>I love car 191%<br> I love car 192%<br>  I love car 193%<br>   I love car 194%<br>    I love car 195%<br>     I love car 196%<br>      I love car 197%<br>       I love car 198%<br>        I love car 199%<br>         I love car 200%<br>          I love car 201%<br>           I love car 202%<br>            I love car 203%<br>             I love car 204%<br>              I love car 205%<br>               I love car 206%<br>                I love car 207%<br>                 I love car 208%<br>                  I love car 209%<br>                   I love car 210%<br>                  I love cae 211%<br>                 I love car 212%<br>                I love car 213%<br>               I love car 214%<br>              I love car 215%<br>             I love car 216%<br>            I love car 217%<br>           I love car 218%<br>          I love car 219%<br>         I love car 220%<br>        I love car 221%<br>       I love car 222%<br>      I love car 223%<br>     I love car 224%<br>    I love car 225%<br>   I love car 226%<br>  I love car 227%<br> I love car 228%<br>I love car 229%<br> I love car 230%<br>  I love car 231%<br>   I love car 232%<br>    I love car 233%<br>     I love car 234%<br>      I love car 235%<br>       I love car 236%<br>        I love car 237%<br>         I love car 238%<br>          I love car 239%<br>           I love car 240%<br>            I love car 241%<br>             I love car 242%<br>              I love car 243%<br>               I love car 244%<br>                I love car 245%<br>                 I love car 246%<br>                  I love car 247%<br>                   I love car 248%<br>                  I love car 249%<br>                 I love car 250%<br>                I love car 251%<br>               I love car 252%<br>              I love car 253%<br>             I love car 254%<br>            I love car 255%<br>           I love car 256%<br>          I love car 257%<br>         I love car 258%<br>        I love car 259%<br>       I love car 260%<br>      I love car 261%<br>     I love car 262%<br>    I love car 263%<br>   I love car 264%<br>  I love car 265%<br> I love car 266%<br>I love car 267%<br> I love car 268%<br>  I love car 269%<br>   I love car 270%<br>    I love car 271%<br>     I love car 272% <br>      l love car 273%<br>       I love car 274%<br>        I love car 275%<br>         I love car 276%<br>          I love car 277%<br>           I love car 278%<br>            I love car 279%<br>             I love car 280%<br>              I love car 281%<br>               I love car 282%<br>                I love car 283%<br>                 I love car 284%<br>                  I love car 285%<br>                   I love car 286%<br>                  I love car 287%<br>                 I love car 288%<br>                I love car 289%<br>               I love car 290%<br>              I love car 291%<br>             I love car 292%<br>            I love car 293%<br>           I love car 294%<br>          I love car 295%<br>         I love car 296%<br>        I love car 297%<br>       I love car 298%<br>      I love ca 299%<br>     I love car 300%<br>    I love car 301%<br>   I love car 302%<br>  I love car 303%<br> I love car 304%<br>I love car 305%<br> I love car 306%<br>  I love car 307%<br>   I love car 308%<br>    I love car 309%<br>     I love car 310%<br>      I love car 311%<br>       I love car 312%<br>        I love car 313%<br>         I love car 314%<br>          I love car 315%<br>           I love car 316%<br>            I love car 317%<br>             I love car 318%<br>              I love car 319%<br>               I love car 320%<br>                I love car 321%<br>                 I love car 322%<br>                  I love car 323%<br>                   I love car 324%<br>                  I love car 325%<br>                 I love car 326%<br>                I love car 327%<br>               I love car 328%<br>              I love car 329%<br>             I love car 330%<br>            I love car 331%<br>           I love car 332%<br>          I love car 333%<br>         I love car 334%<br>        I love car 335%<br>       I love car 336%<br>      I love car 337%<br>     I love car 338%<br>    I love car 339%<br>   I love car 340%<br>  I love car 341%<br> I love car 342%<br>I love car 343%<br> I love car 344%<br>  I love car 345%<br>   I love car 346%<br>    I love car 347%<br>     I love car 348%<br>      I love car 349%<br>       I love car 350%<br>        I love car 351%<br>         I love car 352%<br>          I love car 353%<br>           I love car 354%<br>            I love car 355%<br>             I love car 356%<br>              I love car 357%<br>               I love car 358%<br>                I love car 359%<br>                 I love car 360%<br>                  I love car 361%<br>                   I love car 362%<br>                  I love car 363%<br>                 I love car 364%<br>                I love car 365%<br>               I love car 366%<br>              I love car 367%<br>             I love car 368%<br>            I love car 369%<br>           I love car 370%<br>          I love car 371%<br>         I love car 372%<br>        I love car 373%<br>       I love car 374%<br>      I love car 375%<br>     I love car 376%<br>    I love car 377%<br>   I love car 378%<br>  I love car 379%<br> I love car 380%<br>I love car 381%<br> I love car 382%<br>  I love car 383%<br>   I love car 384%<br>    I love car 385%<br>     I love car 386%<br>      I love car 387%<br>       I love car 388%<br>        I love car 389%<br>         I love car 390%<br>          I love car 391%<br>           I love car 392%<br>            I love car 393%<br>             I love car 394%<br>              I love car 395%<br>               I love car 396%<br><br>Pls subscribe to our channel,Positive Comment
â¤â¤â¤,Positive Comment
The fact you realise that this song views are more than world population ğŸ˜…,Positive Comment
"Nous sommes en 2024, je suis Haitienne.  Quelle belle chanson. Voyons combien de personnes aiment cette mÃ©lodie ğŸ‡­ğŸ‡¹ğŸ‡­ğŸ‡¹ğŸ‡­ğŸ‡¹ğŸ‡­ğŸ‡¹ğŸ‡­ğŸ‡¹ğŸ‡­ğŸ‡¹",Positive Comment
"<a href=""https://www.youtube.com/watch?v=kJQP7kiw5Fk&amp;t=87"">1:27</a>  AYO!",Positive Comment
willie Wonka chicken nugget peanut butter hot dog sausage whopper whopper chili flopper,Negative Comment
willie Wonka chicken nugget peanut butter hot dog sausage whopper whopper chili flopper,Negative Comment
willie Wonka chicken nugget peanut butter hot dog sausage whopper whopper chili flopper,Negative Comment
willie Wonka chicken nugget peanut butter hot dog sausage whopper whopper chili flopper,Negative Comment
from thailand...2024ğŸ˜ğŸ˜,Positive Comment
Who&#39;s listen this song 2024ğŸ‰ğŸ‰,Positive Comment
Zuleyka Rivera Miss Universe 2006 from PUERTO RICO,Negative Comment
ğŸ‘ğŸ‘ğŸ‘ğŸ‘,Positive Comment
Any Indian ğŸ‡®ğŸ‡³ here  ğŸ‘€â¤ğŸ‰,Positive Comment
3001 any one ?,Negative Comment
2024,Positive Comment
Who&#39;s still watching in 2024?,Positive Comment
"ğŸ˜®There are as many views as humans on this planet, perhaps even more ğŸ‘ŒğŸ‘ŒğŸ‘Œ",Positive Comment
2024?!ğŸ˜­ğŸ˜­ still hits the sameğŸ¥µğŸ”¥,Negative Comment
14-Feb-24,Positive Comment
play beta is the best,Positive Comment
à¦¬à¦¾à¦™à¦¾à¦²à¦¿ à¦•à§‡à¦‰ à¦•à¦®à§‡à¦¨à§à¦Ÿà§‡ à¦†à¦¸à¦²à§‡ à¦²à¦¾à¦‡à¦• à¦¦à¦¿à¦¯à¦¼à§‡à¦¨ğŸ¤£,Positive Comment
Let the kid ride his bike,Positive Comment
Crazy how the world vibed to this song so much â¤,Positive Comment
Anyone in 14 February 2024 ??,Positive Comment
Most liked video on the whole youtube!<br>Who&#39;s listening this in 2024!,Positive Comment
8 billon views really?ğŸ˜®,Positive Comment
Love from India ğŸ‡®ğŸ‡³ğŸ‡®ğŸ‡³,Positive Comment
DobrÃ¡ pisniÄka posloucham ji kaÅ¾dÃ½ den ğŸ˜ŠğŸ˜ŠğŸ˜Š,Positive Comment
In the future this song will have 100B I knowâ¤,Positive Comment
Bharat se bhi koi dekh raha hai like thokkoooğŸ‘â£ï¸,Positive Comment
Que raro,Negative Comment
I hate this song.,Negative Comment
Bring me back in 2017 missing those golden Days,Positive Comment
P,Negative Comment
Love you brother ğŸ¥°ğŸ¥°ğŸ˜,Positive Comment
Very nice song ğŸ¥°ğŸ˜ğŸ˜,Positive Comment
One testament that Latinas are one of the hottest women on earth.,Positive Comment
Who is listening to this masterpiece in 2024 ğŸ™‹ğŸ»â€â™‚ï¸ ??,Positive Comment
incrÃ­vel como essa musica ficou tÃ£o famosağŸ‰ğŸ‰ğŸ‰â¤â¤â¤,Positive Comment
good,Positive Comment
When I sing this song I always creat a new language ğŸ˜‚,Positive Comment
ë¶€ë™ì‚° ì‹œì„¸ ì— ì˜·ì„ ì…íˆì£  ë‚ ê°œë¥¼ ë‹¬ì£  ë¹„í–‰ê¸° âœˆï¸ ì‹­ìê°€ë¥¼ ë§Œë“¤ê³  ì˜ˆìˆ˜ë‹˜ ëŒ€ì‹  ì§Šì–´ì§‘ë‹ˆë‹¤ ì§‘ì€ ê³µí•­ì´ì£ ,Negative Comment
ë¯¸êµ­ì€ ê±±ì • í•©ë‹ˆë‹¤ ìš°ë¦¬ ì‹œì¥ ìƒê¶Œì„ ë†€ ê³³ì´ ì—†ë‹¤ê³ ,Negative Comment
ì„¸ìƒì€ ì›ë˜ ë¯¸êµ­ ê²ë‹ˆë‹¤ ê·¸ëŸ°ë° íƒ€í–‰ ìƒê¶Œì´ ìŒ“ì¸ê²ë‹ˆë‹¤,Negative Comment
ê³ ê¸°ì¸ì¤„ ì•Œì•˜ëŠ”ë° ì„¬ìœ  ëë‹ˆë‹¤ ì˜·ì„ ë§Œë“¤ì£ ,Negative Comment
ì‚´ ë‘ê»˜ ì‚´ ë²—ê¸°ëŠ” ê²ë‹ˆë‹¤,Negative Comment
ì£¼ì‚¬ê°€ ê²ë‚˜ì§€ìš” ë°±ì‹ ì´ ëˆ ì…ë‹ˆë‹¤,Negative Comment
í•´ì™¸ì—¬í–‰ BTC ì£¼ì‚¬ ë°±ì‹ ì´ì£  ì—¬í–‰ì ìˆ˜í‘œ ë°±ì§€ìˆ˜í‘œ ì´ì£  ì§‘ì„ ì¥ë§Œí–ˆìŠµë‹ˆë‹¤,Negative Comment
ë‹¨ í•´ì™¸ì—¬í–‰ì§€ëŠ” ìˆ˜ì…ì´ ì¤‘ë‹¨ ë©ë‹ˆë‹¤ í‘œì¤€ì–´ê°€ ì•„ë‹ˆê±°ë“ ìš” ë¯¸êµ­ë„ í‘œì¤€ì–´ ìˆì£  ì˜ˆì‚°ì¸ë° ê´€ê´‘ì–´ëŠ” ì˜ˆì‚°ì´ ì•ˆê°‘ë‹ˆë‹¤,Negative Comment
ëˆ ì§€í ê·€ì‹ ê°™ì´ ë§Œë“­ë‹ˆë‹¤,Positive Comment
ë‹¨ ë…¸ë ¥í•˜ëŠ” ë¶„ë“¤ ìˆ˜ê³ ë¹„ ì¸ìƒì„ ì‹¸ì¸í•˜ë©´ ë ì¼ì„ ì™œ,Negative Comment
ë†€ë©´ ì–´ë•Œìš” ëˆì›Œë¦¬ ë¹„í•´í”¼ ì¸ë°,Negative Comment
ì´ì œ ê¿ˆ ì•„ë‹™ë‹ˆë‹¤ ë‘˜ ë‹¤ ë²•ë‹ˆë‹¤ ì¸ì²œì—ì„œ ì œì£¼íŠ¹ë³„ìì¹˜ë„ êµ­ì œê³µí•­,Negative Comment
ì œì£¼íŠ¹ë³„ìì¹˜ë„ ë‚¨ë°˜êµ¬ ì¸ë° í˜¸í…” ì ê²€ì„,Negative Comment
ì œ ê¸ˆë¦¬ë²•ì€ ì‹ ë“¤ì˜ ê³„ì‚°ì…ë‹ˆë‹¤ ì¸ê°„ì€ ì¡°ë¥¼ ë‹¤ë£°ìˆ˜ ì—†ë‹¤ ì…ë‹ˆë‹¤,Negative Comment
ì—¬í˜¸ì™€ ê»˜ì„œ ì™¸ë¡­ì§€ ë§ë¼ê³  í•˜ëŠ˜ì— ë³„ìë¦¬ ì‹ ë“¤ì„ ì£¼ì…¨ìŠµë‹ˆë‹¤ ê°“ ë™ë¬¼ì´ì£ ,Negative Comment
ë‹¬ëŸ¬ ì‹ íƒ ì—”í™”ê°€ ê²½ë¹„ì²˜ë¦¬ í•©ë‹ˆë‹¤ ì¼ë³¸ ì„¼ì„¸ì´ í‚¹ë” ì‹ ë“¤ ì…ë‹ˆë‹¤,Negative Comment
ë³¸ì¸ê±° ì“°ëŠ”ê²ë‹ˆë‹¤ ë‚œ ì–¼êµ´ì¼ë¿,Negative Comment
ë¯¸êµ­ì¸ ì‹ ë“¤ì´ì‹œë„¤ ì•Œë¼ ê¸ˆë¦¬ ì œë¡œ ë‹¬ëŸ¬ ê²½ìƒìˆ˜ì§€ ëŒ€ì¶œ,Negative Comment
ì—¬ì¸ì€ ë¶ë°˜êµ¬ ê°€ë©´ í™˜ìƒì´ ë©ë‹ˆë‹¤,Negative Comment
í™˜ê°ì´ë¼ê³  ë‹¤ ì—°ì¶œì…ë‹ˆë‹¤,Negative Comment
ì´ì œ ë³¸ë“œëŠ” ë ê°ë…ë‹˜ ë,Negative Comment
ì§„ì§œ ì‚¬ë‚´ëŠ” í–¥ìˆ˜ë¥¼ ê¹¨ëœ¨ë¦½ë‹ˆë‹¤,Negative Comment
"2024 Feb 14, someone.",Negative Comment
ëˆˆì´ ì–¼ì–´ì„œ ê·¸ëŸ½ë‹ˆë‹¤ í™”ì¥í’ˆ ì¢…í•© ìŠ¤ë©œ í–¥ìˆ˜,Negative Comment
ê·¸ê±° ì–¼ìŒ ì…ë‹ˆë‹¤,Negative Comment
í–¥ìˆ˜ë¥¼ ê¹¨ë´,Negative Comment
ë‚˜ ì•„ë²„ì§€ ë§ë‹¤ë‹ˆê¹Œ,Negative Comment
ì‹ íƒì´ì¥¬ ì–¸ì œëŠ” ì•ˆ í‚¤ì›Œì£¼ì…¨ë‚˜ìš”,Negative Comment
ì„¤ë¬¸ëŒ€í• ë§ ì•„ì´ìœ  í˜¼ë‚œë‹¤ ì—ë² ë ˆìŠ¤íŠ¸,Negative Comment
í•œë¼ì‚° ì´ íˆë§ë¼ì•¼ ê±´ë“œë¦¬ì–ì•„ìš”,Negative Comment
ì •ì‹¤êµë„ì†Œ ì—ì„œ ë˜¥ ë¨¹ê³  ì ì¤ìŠµë‹ˆë‹¤,Negative Comment
ì œê°€ ë‹¬ëŸ¬ë„¤ìš” ì¦ì‚°ì¸ê°€ìš” ë” ì´ìƒ ì‚´ ë˜¥ì´ ì—†ë‹¤,Negative Comment
8.2b what!!!<br>That means we are about more than 8.2b in the world<br>I think this view is manipulated,Negative Comment
ë‹¬ëŸ¬ ê²½ìƒìˆ˜ì¹˜ ì…ë‹ˆë‹¤ ì“°ì§€ì•Šìœ¼ë©´ ì € ë˜ ì—…ë‹ˆë‹¤,Positive Comment
ë‚¨ë¯¸ ì¿ ì—˜ë¥˜ ë§ˆì•½ì™• ì…ë‹ˆë‹¤,Negative Comment
DADDY YANKEE ROMPIÃ“ ğŸ”¥,Negative Comment
2024,Positive Comment
ì„¸ê³„ ì–´ëŠ ëˆ„ê°€  ì´ ë…¸ë˜ë¥¼  ë¶ˆëŸ¬ë„  í°ì‹œ ë¥¼  ëª»ë”°ë¼ì¡ëŠ”ë‹¤. í°ì‹œâ¤â¤,Positive Comment
I see mother mery ğŸ™,Positive Comment
Bullate   songâ¤â¤,Positive Comment
Nice songâ¤,Positive Comment
Nice song,Positive Comment
ğŸ˜,Positive Comment
"How you let the shooters outside and not think of a casual  to the ty..... yuh talk to you.....another world genocide.......that&#39;s what I cryed.....to you...... just me lil Wayne dedication 5 picture( hand ) how many times.....drake 10 bands yuh let Ceazer rest in peace...the furyes......what you mean Ceazer said sit with your riches....but mickey mouse raised his wong there&#39;s magic for EAZY...........&quot;walla&quot; ...........a Asians promise....., no more fire ğŸ”¥ not for me not for you.....I can&#39;t lie to you I can&#39;t lie to you always on my mind in my mind.....now I got M.J on my miiiiiinnnnnnddddddd are they going to do it a second tiiiiiiimmmmmmeeeee",Negative Comment
Baby sharkğŸ‰ğŸ‰ğŸ‰ğŸ‰ğŸ‰ğŸ‰ğŸ‰,Positive Comment
I dont understand the song but i love it â¤ï¸,Positive Comment
ãã®åœ§å€’çš„ãªæƒ…ç†±ãªç¾å£°ã«ã€ã“ã®å¿ƒâ¤ã‚’æ´ã‚“ã§é›¢ã•ãªã„ã§ã„ã‚‹ã‚!!!è²´æ–¹ã®ãã®ãƒ©ãƒ†ãƒ³ã®ç¥ã‹ã‚‰æˆã‹ã‚Œã—æ‰èƒ½ãŒç¾¨ã¾ã—ã„é™ã‚Šã ã‚!!!ç§ãŒã“ã®ä¸–ç•Œã«å°Šæ•¬ã™ã‚‹äººã¯è²´æ–¹ã—ã‹ã„ãªã„ã‚ğŸŒ¹,Positive Comment
â¤â¤ğŸ˜ŠğŸ˜ŠğŸ‰ğŸ‰,Positive Comment
Rico ricardo i mean desi arnez,Positive Comment
à´®à´²à´¯à´¾à´³à´¤àµà´¤à´¿àµ½ à´ªà´¾à´Ÿà´Ÿà´¾ à´à´¨à´¿à´•àµà´•àµŠà´¨àµà´¨àµà´‚ à´®à´¨à´¸àµà´¸à´¿à´²à´¾à´•àµà´¨àµà´¨à´¿à´²àµà´² à´·à´®àµà´®à´¿ à´¹àµ€à´±àµ‹ à´¡à´¾ à´·à´®àµà´®à´¿ à´¹àµ€à´±àµ‹,Negative Comment
Love love this song and video.  HOT HOT!!!,Positive Comment
Alguien en 2024 escuchando esta joya ğŸ’?,Positive Comment
i i aint old but i remember hearing this song on fielearing this song on skating rink field trips years ago,Positive Comment
Who is in 2024 valentine ..ğŸ˜Š,Positive Comment
Imagina se alguÃ©m deleta essa mÃºsica,Negative Comment
"The way this song blew up so fast tho â˜ ï¸â˜ ï¸ like I remember this used to play like all the time back then, by the time I gave in and watched the music vid it had 1 bil and now it has 8.3 bil damn",Negative Comment
Iâ€™m just here fo nostalgia,Positive Comment
Despacito Luis Fonsi e Daddy Yankee muy buena musica siempre ouvindo el reggaeton bella cancion.,Negative Comment
Chido,Positive Comment
El que sigue escuchando esto hasta el 13 de febrero del 2024,Positive Comment
Aca los que escuchan esta rolita en pleno 2024 ğŸ˜<br>ğŸ‘‡ (NO OBLIGATORIO) ğŸ‘»ğŸ‘»ğŸ‘»,Positive Comment
2024 como eu parei aqui,Positive Comment
Alguie estÃ¡ viendo esto en 2024,Positive Comment
Ø¹Ø¯Ø¯ Ù…Ø´Ø§Ù‡Ø¯Ø§Øª Ù‡Ø°Ù‡ Ø§Ù„Ù…ÙˆØ³ÙŠÙ‚Ù‰ ØªØ¬ÙˆØ²Øª Ø¹Ø¯Ø¯ Ø³ÙƒØ§Ù† Ø§Ù„Ø¹Ø§Ù„Ù…,Negative Comment
Nadie de 2024?....Hazmitir q en su epoca esto era un temazo y es,Positive Comment
despacito for life,Positive Comment
Just shows how many hispanics there are in the world. This song is very mid.,Negative Comment
"Esta canciÃ³n es hermosa, dale me gusta si todavÃ­a la escuchas hoy.",Positive Comment
Donâ€™t turn on subtitles. You will regret it,Negative Comment
DES PA CITO,Negative Comment
freddy fazebear,Negative Comment
Quiere muchos comentarios,Negative Comment
How many people listening to this in 2024 other than me?,Positive Comment
2024ğŸ‡§ğŸ‡·?,Positive Comment
7 years ago...,Positive Comment
hiii 2024,Positive Comment
man this song is still fire ğŸ”¥ğŸ”¥ğŸ”¥,Positive Comment
7 years ago and still on top ğŸ‰,Positive Comment
ğŸ˜,Positive Comment
hi please help my family please kindly make a small offer IT02N0357601601010001550546 thank you very much greetings,Positive Comment
"<a href=""https://youtube.com/@NixMusicLab?si=xlNb0_VoQ7c5Lmpr"">https://youtube.com/@NixMusicLab?si=xlNb0_VoQ7c5Lmpr</a>",Negative Comment
Anyone In 2024ğŸ˜Š,Positive Comment
Vivvaaa puerto rico ğŸ‡µğŸ‡·ğŸ‡µğŸ‡·ğŸ‡µğŸ‡·ğŸ‡µğŸ‡·ğŸ‡µğŸ‡·ğŸ‡µğŸ‡·,Positive Comment
"When you realize the lyrics meaning, who care the song is awesome",Negative Comment
2024 anyone?,Positive Comment
la entrada esa de la guitarra ya es Ã©pica,Positive Comment
Metal wtf,Positive Comment
â¤,Positive Comment
"<a href=""https://www.youtube.com/watch?v=OAGzrlACZRc"">https://www.youtube.com/watch?v=OAGzrlACZRc</a> this video has no reason to be popular",Negative Comment
The way this song went viral like no other song did before.,Positive Comment
Ø¹Ø§Ø´Ù‚Ø§Ù† Ù¾Ø§Ø±Ø³Ø§Ù„ÛŒÙ¾,Negative Comment
love from india,Positive Comment
8 Ğ¼Ğ»Ñ€ Ğ¿Ñ€Ğ¾ÑĞ¼Ğ¾Ñ‚Ñ€Ğ¾Ğ² ğŸ˜®,Negative Comment
ĞºĞ¾Ğ³Ğ´Ğ° Ğ¿Ğ¾Ğ½Ğ¸Ğ¼Ğ°ĞµÑˆÑŒ Ğ¿Ñ€Ğ¾ÑĞ¼Ğ¾Ñ‚Ñ€Ğ¾Ğ² ÑÑ‚Ğ¾Ğ¹ Ğ¿ĞµÑĞ½Ğ¸ Ğ±Ğ¾Ğ»ÑŒÑˆĞµ Ğ½Ğ°ÑĞµĞ»ĞµĞ½Ğ¸Ñ Ğ¿Ğ»Ğ°Ğ½ĞµÑ‚Ñ‹...,Negative Comment
2025?,Positive Comment
"ĞŸĞ¾Ñ‡Ñ‚Ğ¸ 8,5 Ğ¼Ğ»Ñ€Ğ´ Ğ¿Ñ€Ğ¾ÑĞ¼Ğ¾Ñ‚Ñ€Ğ¾Ğ², 52Ğ¼Ğ»Ğ½ Ğ»Ğ°Ğ¹ĞºĞ¸, 4,2Ğ¼Ğ»Ğ½ ĞºĞ¾Ğ¼Ğ¼ĞµĞ½Ñ‚Ğ°Ñ€Ğ¸Ğ¸ Ğ¾Ñ„Ğ¸Ğ³ĞµÑ‚ÑŒ Ğ¿Ñ€Ğ¾ÑÑ‚Ğ¾ Ğ±Ğ¾Ğ¼Ğ±Ğ°ğŸ˜‚ğŸ˜®ğŸ˜‚ğŸ˜¢ğŸ˜®ğŸ˜®",Negative Comment
13/02/2024 after you see<br>like me,Positive Comment
Ğ¡ĞšĞĞ›Ğ¬ĞšĞ ĞĞĞ˜ Ğ—ĞĞ ĞĞ‘ĞĞ¢ĞĞ›Ğ˜,Positive Comment
Alguien en 2024 escuchando este temazo?,Positive Comment
ğŸ‘‡2024 attendance here â¤,Positive Comment
"Â¡Ay!<br>Fonsi, DY<br>Oh, oh no, oh no (oh)<br>Hey yeah<br>Diridiri, dirididi Daddy<br>Go!<br>SÃ­, sabes que ya llevo un rato mirÃ¡ndote<br>Tengo que bailar contigo hoy (DY)<br>Vi que tu mirada ya estaba llamÃ¡ndome<br>MuÃ©strame el camino que yo voy<br>Oh, tÃº, tÃº eres el imÃ¡n y yo soy el metal<br>Me voy acercando y voy armando el plan<br>Solo con pensarlo se acelera el pulso (oh yeah)<br>Ya, ya me estÃ¡s gustando mÃ¡s de lo normal<br>Todos mis sentidos van pidiendo mÃ¡s<br>Esto hay que tomarlo sin ningÃºn apuro<br>Despacito<br>Quiero respirar tu cuello despacito<br>Deja que te diga cosas al oÃ­do<br>Para que te acuerdes si no estÃ¡s conmigo<br>Despacito<br>Quiero desnudarte a besos despacito<br>Firmar las paredes de tu laberinto<br>Y hacer de tu cuerpo todo un manuscrito (sube, sube, sube)<br>(Sube, sube) Oh<br>Quiero ver bailar tu pelo<br>Quiero ser tu ritmo (uh oh, uh oh)<br>Que le enseÃ±es a mi boca (uh oh, uh oh)<br>Tus lugares favoritos (favoritos, favoritos baby)<br>DÃ©jame sobrepasar tus zonas de peligro (uh oh, uh oh)<br>Hasta provocar tus gritos (uh oh, uh oh)<br>Y que olvides tu apellido (dirididi Daddy)<br>Yo sÃ© que estÃ¡s pensÃ¡ndolo (eh)<br>Llevo tiempo intentÃ¡ndolo (eh)<br>Mami, esto es dando y dÃ¡ndolo<br>Sabes que tu corazÃ³n conmigo te hace bam bam<br>Sabe que esa beba &#39;tÃ¡ buscando de mi bam bam<br>Ven prueba de mi boca para ver cÃ³mo te sabe<br>Quiero, quiero, quiero ver cuÃ¡nto amor a ti te cabe<br>Yo no tengo prisa, yo me quiero dar el viaje<br>Empezamo&#39; lento, despuÃ©s salvaje<br>Pasito a pasito, suave suavecito<br>Nos vamos pegando poquito a poquito<br>Cuando tÃº me besas con esa destreza<br>Veo que eres malicia con delicadeza<br>Pasito a pasito, suave suavecito<br>Nos vamos pegando, poquito a poquito (oh oh)<br>Y es que esa belleza es un rompecabezas (oh no)<br>Pero pa&#39; montarlo aquÃ­ tengo la pieza (slow, oh yeah)<br>Despacito (yeh, yo)<br>Quiero respirar tu cuello despacito (yo)<br>Deja que te diga cosas al oÃ­do (yo)<br>Para que te acuerdes si no estÃ¡s conmigo<br>Despacito<br>Quiero desnudarte a besos despacito (yeh)<br>Firmar las paredes de tu laberinto<br>Y hacer de tu cuerpo todo un manuscrito (sube, sube, sube)<br>(Sube, sube) Oh<br>Quiero ver bailar tu pelo<br>Quiero ser tu ritmo (uh oh, uh oh)<br>Que le enseÃ±es a mi boca (uh oh, uh oh)<br>Tus lugares favoritos (favoritos, favoritos baby)<br>DÃ©jame sobrepasar tus zonas de peligro (uh oh, uh oh)<br>Hasta provocar tus gritos (uh oh, uh oh)<br>Y que olvides tu apellido<br>Despacito<br>Vamo&#39; a hacerlo en una playa en Puerto Rico<br>Hasta que las olas griten &quot;Ay, bendito&quot;<br>Para que mi sello se quede contigo (bÃ¡ilalo)<br>Pasito a pasito, suave suavecito (hey yeah, yeah)<br>Nos vamos pegando, poquito a poquito (oh no)<br>Que le enseÃ±es a mi boca (uh oh, uh oh)<br>Tus lugares favoritos (favoritos, favoritos baby)<br>Pasito a pasito, suave suavecito<br>Nos vamos pegando, poquito a poquito<br>Hasta provocar tus gritos (eh-oh) (Fonsi)<br>Y que olvides tu apellido (DY)<br>Despacito",Negative Comment
KrÃ¡sna piesen superğŸ˜…,Positive Comment
Me encanta ğŸ˜ğŸ˜,Positive Comment
CHRISTIANâ˜,Negative Comment
Manâ€¦ just wishing I can go back to the times young with friends driving around town without any care in the world. Hope my friends from back then are doing good,Positive Comment
"Yo, there are only 8.1 billion people in the worldâ€¦",Negative Comment
ğŸ’•ğŸ’•ğŸ’•ğŸ’•ğŸ’•ğŸ’•ğŸ’•ğŸ’•ğŸ’•,Positive Comment
ğŸ’•ğŸ’•ğŸ’•ğŸ’•ğŸ’•ğŸ’•ğŸ’•ğŸ’•ğŸ’•ğŸ’•ğŸ’•ğŸ’•,Positive Comment
I love ğŸ’•ğŸ’•ğŸ’•ğŸ’•ğŸ’•ğŸ’•ğŸ’•ğŸ’•ğŸ’•ğŸ’•ğŸ’•ğŸ’•ğŸ’•,Positive Comment
âœŒâœŒâœŒâœŒâœŒâœŒâœŒâœŒâœŒâœŒâœŒâœŒ,Positive Comment
â¤â¤â¤â¤â¤â¤â¤â¤â¤â¤â¤â¤â¤â¤â¤â¤â¤â¤â¤â¤â¤â¤â¤â¤â¤â¤â¤â¤â¤â¤ğŸ’•ğŸ’•ğŸ’•ğŸ’•ğŸ’•ğŸ’•ğŸ’•ğŸ’•ğŸ’•ğŸ’•ğŸ’•ğŸ’•ğŸ’•ğŸ’•ğŸ’•ğŸ’•ğŸ’•ğŸ’•ğŸ’•ğŸ’•ğŸ’•ğŸ’•ğŸ’•ğŸ’•ğŸ’•ğŸ’•ğŸ’•ğŸ’•ğŸ’•ğŸ’•,Negative Comment
ğŸ’•ğŸ’•ğŸ’•ğŸ’•ğŸ’•ğŸ’•ğŸ’•ğŸ’•ğŸ’•ğŸ’•ğŸ’•,Positive Comment
Despacito is my favourite songğŸ’•ğŸ’•ğŸ’•ğŸ’•,Positive Comment
I love despacito song ğŸ’•ğŸ’•ğŸ’•ğŸ’•ğŸ’•ğŸ’•ğŸ’•ğŸ’•ğŸ’•,Positive Comment
Very niceğŸ’•ğŸ’•ğŸ’•ğŸ˜³ğŸ˜,Positive Comment
ğŸ˜³ğŸ˜ğŸ˜³ğŸ˜ğŸ˜³ğŸ˜ğŸ˜³ğŸ˜ğŸ˜³ğŸ˜ğŸ˜³ğŸ˜ğŸ˜³ğŸ˜,Positive Comment
ğŸ’•ğŸ’•ğŸ’•ğŸ’•ğŸ’•very niceğŸ’•ğŸ’•ğŸ’•ğŸ’•ğŸ’•ğŸ’•ğŸ’•ğŸ’•,Positive Comment
ğŸ’•excellent ğŸ’•ğŸ’•ğŸ’•ğŸ’•ğŸ’•ğŸ’•,Positive Comment
ğŸ˜ƒğŸ˜ƒğŸ˜ƒğŸ˜ƒğŸ˜ƒğŸ˜ƒğŸ˜ƒğŸ˜ƒğŸ˜ƒğŸ˜ƒğŸ˜ƒğŸ˜ƒğŸ˜€ğŸ˜€ğŸ˜€,Positive Comment
ğŸ‘ğŸ‘ğŸ‘ğŸ‘ğŸ‘ğŸ‘ğŸ‘ğŸ‘,Positive Comment
Brazil,Positive Comment
ÙÙŠØ¯ÙŠÙˆ Ø±ÙˆØ¹Ø©,Negative Comment
Still listening in 2024â¤,Positive Comment
ğŸ˜‚ğŸ˜‚ğŸ˜‚ğŸ˜‚ğŸ˜‚ğŸ˜‚ğŸ˜‚ğŸ˜‚,Positive Comment
Yessicafloresâ¤â¤â¤â¤â¤â¤â¤â¤â¤â¤,Positive Comment
YuğŸ˜Š,Positive Comment
Knowing what the words mean 0%<br>Great dancing and lyrics 100%<br>inappropriate?? 50%,Negative Comment
2024ğŸ‡°ğŸ‡¿â¤,Positive Comment
anyone in  feb tue13 2024 ğŸ§­ğŸ˜“,Positive Comment
Who watching on 2024?,Positive Comment
"<a href=""https://www.youtube.com/shorts/LofljPF-e_o"">https://youtube.com/shorts/LofljPF-e_o?si=V-mviiCe5QODdVWr</a>",Negative Comment
"Queres hacer una novela con Lujan Gonzalez,ya la escribi y tiene titulo",Positive Comment
Awesome song ğŸ§  Iâ€™m totally enjoyed!!,Positive Comment
ã¾ãŸè²´æ–¹ã®é­…åŠ›çš„ãªç¾å£°ã«ã€æººã‚ŒãŸã„ã‹ã‚‰è´ãã«æ¥ãŸã‚â¤è²´æ–¹ã®ç¥æ›²ã§ã‚ã‚‹ã€ãƒ‡ã‚¹ãƒ‘ã‚·ä¸€ãƒˆã‚’è´ãåº¦ã«ã“ã®ç§ã¯ã€ã‚‚ã£ã¨è²´æ–¹ã®äº‹ã‚’ã‚™ã€æ‹ã„ç„¦ãŒã‚Œã‚‹æƒ³ã„ãŒã—ã¦ã€ã‚‚ã†ç§ã¯è²´æ–¹ç„¡ã—ã§ã¯ç”Ÿãã¦ã„ã‘ãªã„ã®!!!æ„›ã—ã¦ã„ã‚‹ã‚“ã â€¦è²´æ–¹ã®å…¨ã¦ã‚’ã‚™â€¦ğŸ˜¢æ¶ˆã—ã¦æ‰‹ã«å±Šã‹ãªã„è²´æ–¹ã‚’ã‚™â€¦ğŸ˜­ğŸ˜­ğŸ˜­ğŸ˜­ğŸ˜­ğŸ˜­ğŸ˜­ğŸ˜­,Negative Comment
This bad boy tune,Negative Comment
This is an amazing epic song  bravo gracias ğŸ˜®ğŸ‰,Positive Comment
Como que o meu comentÃ¡rio Ã© o Ãºnico em 7 anos nunca recebeu likes?<br>Daqui a 7 anos eu volto para saber quantos likes terÃ£o,Positive Comment
"<a href=""https://www.youtube.com/watch?v=Y5zjWVABPsM"">https://youtu.be/Y5zjWVABPsM?feature=shared</a>",Positive Comment
Ø§Ø´Ù‡Ø¯ Ø§Ù† Ù„Ø§ Ø§Ù„Ù‡ Ø§Ù„Ø§ Ø§Ù„Ù„Ù‡ ÙˆØ§Ø´Ù‡Ø¯ Ø£Ù† Ù…Ø­Ù…Ø¯Ø§Ù‹ Ø±Ø³ÙˆÙ„ Ø§Ù„Ù„Ù‡,Negative Comment
Is Anyone listening this great  song in 2024ğŸ˜?,Positive Comment
ä½•å›è´ã„ã¦ã‚‚é£½ããªã„,Positive Comment
This is an amazing song,Positive Comment
Any one 2024???ğŸ˜‚,Positive Comment
Any one from 2024,Positive Comment
who has come to check views in 2024,Positive Comment
I&#39;m from India ğŸ‡®ğŸ‡³.,Positive Comment
Bro 4.2 million comments and 52 million like and 8.3 BILLION VEIWS wait how,Positive Comment
Indians Like Here,Positive Comment
The fact you realise that this song views are more than world population ğŸ˜…,Positive Comment
I can&#39;t understand but enjoying this song....,Positive Comment
âœ‹ğŸŒ…,Positive Comment
ğŸ˜‚,Positive Comment
ğŸ‘¬,Positive Comment
ğŸ§ ,Positive Comment
ğŸ’™??,Positive Comment
??,Negative Comment
ğŸ’™=ğŸ’Ÿ,Positive Comment
âœ‹,Positive Comment
From bdâ¤,Positive Comment
Ternyata udah 7tahun laluğŸ˜­,Negative Comment
Great ğŸ‰ itâ€™s February 2024,Positive Comment
2024,Positive Comment
ĞšĞ°ĞºĞ°Ñ Ğ”ĞµĞ²Ğ¾Ñ‡ĞºĞ° ĞšÑ€Ğ°ÑĞ¸Ğ²Ğ°Ñ !ğŸ˜ŠğŸ˜ŠğŸ˜…ğŸ˜…,Positive Comment
No me voy a olvidar cuando salio la canciÃ³n cuando era pequeÃ±a lo ponÃ­a al revÃ©s y pensaban q era del diablo xd,Positive Comment
ğŸ§The best song ğŸ§ ğŸ˜´ğŸ’¯âœ…,Positive Comment
really great,Positive Comment
ğŸ˜ğŸ˜ğŸ˜ğŸ˜,Positive Comment
"<a href=""https://www.youtube.com/watch?v=kJQP7kiw5Fk&amp;t=82"">1:22</a>",Negative Comment
ğŸ’ğŸ’ğŸ’,Positive Comment
Who is listening this song in 2024ğŸ˜…,Positive Comment
"<a href=""https://www.youtube.com/watch?v=r0EtENZcEvM"">https://youtu.be/r0EtENZcEvM?si=67597ANJkUcYL577</a>",Positive Comment
"<a href=""https://www.youtube.com/watch?v=r0EtENZcEvM"">https://youtu.be/r0EtENZcEvM?si=67597ANJkUcYL577</a>",Positive Comment
"SÃ³lo puedo pensar en Ã©l, cuando escucho esta canciÃ³n.",Positive Comment
Cea mai tare melodie cineva 2024??â¤,Positive Comment
2024..... February 13 ğŸ˜¢ğŸ˜¢,Positive Comment
From in 2024 ğŸ˜Š,Positive Comment
Me listening it in 2024 ğŸ˜‚,Positive Comment
Anyone in 2024 likeğŸ‘‡,Positive Comment
Any one 2024 â¤â¤â¤â¤,Positive Comment
Anyone 2024,Positive Comment
My 2018ğŸ«¶ğŸ»ğŸ˜¿,Positive Comment
Anyone else eh ?? â¤ï¸ from Italia ğŸ‡®ğŸ‡¹,Positive Comment
Hi there,Positive Comment
2024 yet,Positive Comment
"<a href=""https://www.youtube.com/watch?v=odN4NxR-Ze8"">https://youtu.be/odN4NxR-Ze8?si=rDyN4pvcg1xDju4e</a>",Positive Comment
How is this garbage the second most viewed video on YouTube? Culture is dead.,Negative Comment
2024 any one?,Positive Comment
alguien del 2024?,Positive Comment
2024,Positive Comment
â¤â¤ğŸ¥°ğŸ¥°ğŸ¥°ğŸ˜ğŸ¤©ğŸ¤©ğŸ˜,Positive Comment
8 mil millones increÃ­ble! <br>Mi gente Latino!ğŸ˜‰,Positive Comment
The fact that I speak spanish makes this even better,Positive Comment
Anyone listen ğŸ§ğŸ¶ 2024â¤â¤,Positive Comment
í•œêµ­ëŒ“ê¸€ì„ ì°¾ì€ ë‹¹ì‹  ì •ë§ ëŒ€ë‹¨í•©ë‹ˆë‹¤,Negative Comment
Soy gay ğŸ³ï¸â€ğŸŒˆ,Positive Comment
Actualy this song was a bunger and i wish the other musians could be this creativeğŸ˜›ğŸ˜›,Positive Comment
Man this song will never die cuz its a legend â¤,Positive Comment
HOLY,Positive Comment
Who&#39;s watching this in 2024?,Positive Comment
"SoloğŸŒ®ğŸ˜ªvine a comentar, como odio esta cancion, no puedo creer el horrible gusto de la gente",Negative Comment
ğŸ˜‚ğŸ˜‚ğŸ˜‚ğŸ˜‚,Positive Comment
La mejor canciÃ³n de la historia de la mÃºsica ğŸ¶ ğŸ‰y la va a seguir siendo para siempre bancan,Positive Comment
ğŸ‰ saport me,Positive Comment
Dady Lo Maximo..,Positive Comment
This is the most viewed video<br>ğŸ‘‡,Positive Comment
this is so good,Positive Comment
If you&#39;re listening to this song you&#39;re a legend (2024),Positive Comment
2024,Positive Comment
Rf de la escuela ğŸ˜ƒ,Positive Comment
Sgx que no se me habÃ­a â¤,Positive Comment
Like el que ama a dios yo si amen,Positive Comment
The fact you realise that this song views have more than world population,Positive Comment
2024ğŸ‰ğŸ‰ğŸ‰,Positive Comment
Soy el Ãºnico que lo estÃ¡ escuchando en pleno 2024? XD,Positive Comment
"I didnâ€™t realize this was a hit song until a few days ago. Many kudos to writers, composers, and artists! You deserve the best! I want to present a different song genre (club music) with a unique cultural atmosphere. I hope you enjoy it. <a href=""https://www.youtube.com/watch?v=rjoNPzmbB8Q"">https://youtu.be/rjoNPzmbB8Q</a>",Positive Comment
Neden ama,Positive Comment
Que buenos tiempos buenas anÃ©cdotas. Como quisiera volver a esos tiempos. Alguien en pleno 2024 escuchandolaaaaağŸ˜ŠğŸ‰,Positive Comment
i wonder how it must feel for him to have the most song on yt (like not a kids song),Negative Comment
Alguien en 2024 o sol el Ãºnico que escucha este clÃ¡sico ğŸ˜Š,Positive Comment
Mientras hasia mi tarea escribi las ketras de la cansion creo que soy la unica ala que me a pasado ğŸ˜…ğŸ˜…ğŸ˜…,Positive Comment
Is Anyone here!!-,Negative Comment
Ø¨Ø®ÙŠØ± â¤,Positive Comment
Glory to God for daddy yankee giving his life to Jesus,Positive Comment
nostalgia hit hardğŸ¥²â¤,Positive Comment
La canciÃ³n que arruinÃ³ la musica por 5 aÃ±os,Positive Comment
Cut the shÂ¡t stop saying 2024?? Someone???? 2024???? ğŸ‘€ğŸ‘€ğŸ‘€ YOOOOOO STFUUU MFS â—‹\/â—‹<br>            <br><br><br><br><br><br><br><br><br><br><br><br><br><br><br><br><br><br><br><br><br><br><br><br><br><br><br><br><br><br><br><br><br><br><br><br><br><br><br><br><br><br><br><br><br><br><br><br><br><br><br><br><br>U can see this! Like my comment thenğŸ¦¸ğŸ¦¸ğŸ¦¸ğŸ¦¸,Negative Comment
Freaking song ğŸ‰ğŸ‰ğŸ‰ğŸ‰ğŸ‰ğŸ”¥ğŸ”¥ğŸ”¥,Negative Comment
Dios mÃ­o quÃ© saliÃ³ en 2017 y ya estamos a 2024 que rÃ¡pido se ha pasado el tiempo,Positive Comment
Chipi chipi chapa chapa mÃ¡gico mi dubi dubi boom boom boom boom,Positive Comment
"<a href=""UCkszU2WH9gy1mb0dV-11UJg/KsIfY6LzFoLM6AKanYDQAg""></a><a href=""UCkszU2WH9gy1mb0dV-11UJg/KsIfY6LzFoLM6AKanYDQAg""></a><a href=""UCkszU2WH9gy1mb0dV-11UJg/KsIfY6LzFoLM6AKanYDQAg""></a><a href=""UCkszU2WH9gy1mb0dV-11UJg/KsIfY6LzFoLM6AKanYDQAg""></a><a href=""UCkszU2WH9gy1mb0dV-11UJg/KsIfY6LzFoLM6AKanYDQAg""></a><a href=""UCkszU2WH9gy1mb0dV-11UJg/KsIfY6LzFoLM6AKanYDQAg""></a><a href=""UCkszU2WH9gy1mb0dV-11UJg/KsIfY6LzFoLM6AKanYDQAg""></a><a href=""UCkszU2WH9gy1mb0dV-11UJg/KsIfY6LzFoLM6AKanYDQAg""></a><a href=""UCkszU2WH9gy1mb0dV-11UJg/xsIfY4OqCd2T29sP54iAsAw""></a><a href=""UCkszU2WH9gy1mb0dV-11UJg/xsIfY4OqCd2T29sP54iAsAw""></a><a href=""UCkszU2WH9gy1mb0dV-11UJg/xsIfY4OqCd2T29sP54iAsAw""></a><a href=""UCkszU2WH9gy1mb0dV-11UJg/xsIfY4OqCd2T29sP54iAsAw""></a><a href=""UCkszU2WH9gy1mb0dV-11UJg/xsIfY4OqCd2T29sP54iAsAw""></a><a href=""UCkszU2WH9gy1mb0dV-11UJg/xsIfY4OqCd2T29sP54iAsAw""></a><a href=""UCkszU2WH9gy1mb0dV-11UJg/xsIfY4OqCd2T29sP54iAsAw""></a><a href=""UCkszU2WH9gy1mb0dV-11UJg/oPgfY_DoKfSXkNAPq8-AgAo""></a><a href=""UCkszU2WH9gy1mb0dV-11UJg/oPgfY_DoKfSXkNAPq8-AgAo""></a><a href=""UCkszU2WH9gy1mb0dV-11UJg/oPgfY_DoKfSXkNAPq8-AgAo""></a><a href=""UCkszU2WH9gy1mb0dV-11UJg/oPgfY_DoKfSXkNAPq8-AgAo""></a><a href=""UCkszU2WH9gy1mb0dV-11UJg/oPgfY_DoKfSXkNAPq8-AgAo""></a><a href=""UCkszU2WH9gy1mb0dV-11UJg/Z8MfY8mzLbnovwK5roC4Bg""></a><a href=""UCkszU2WH9gy1mb0dV-11UJg/Z8MfY8mzLbnovwK5roC4Bg""></a><a href=""UCkszU2WH9gy1mb0dV-11UJg/Z8MfY8mzLbnovwK5roC4Bg""></a><a href=""UCkszU2WH9gy1mb0dV-11UJg/Z8MfY8mzLbnovwK5roC4Bg""></a>",Negative Comment
Quem aqui esta vindo despois que o daddy entregou sua avida a cristo?? ğŸ‘‰,Negative Comment
"@  â–·	Luis Fonsi ft. Daddy Yankee<br>ğŸ¶â–·	Despacito<br>ğŸ’¿â–·	Vida<br>ğŸ“…â–·	2017<br>ğŸ¬ï¸â–·	Carlos R. PÃ©rez",Positive Comment
These lyrics are something else dawg ğŸ˜­ğŸ˜­ğŸ˜­ğŸ˜­ğŸ˜­ğŸ˜­ğŸ˜­ğŸ˜­ğŸ˜­ğŸ˜­ğŸ˜­ğŸ˜­ğŸ˜­ğŸ˜­ğŸ˜­ğŸ˜­ğŸ˜­ğŸ’€ğŸ’€ğŸ’€ğŸ’€ğŸ’€ğŸ’€ğŸ’€ğŸ’€ğŸ’€ğŸ’€ğŸ’€,Negative Comment
2024 anyone ?,Negative Comment
2024,Positive Comment
"i never took notice of this song when it was popular way back.<br>Now I&#39;ve seen the video, it made me fall in love with it",Positive Comment
"Escuchar esta musica me trae muchos recuerdos, como me gustaria volver a esos tiempos ğŸ¥²â¤",Positive Comment
My daughter loves this song,Positive Comment
Ø¸Ù†Ù†Øª Ø§Ù„Ù„ØºØ© ÙŠØªÙƒÙ„Ù…Ø©,Negative Comment
Ø¸Ù†Ù†Øª Ø§Ù„Ù„ØºØ© ÙŠØªÙƒÙ„Ù…Ø©,Negative Comment
ÙˆØ§Ù„Ù„Ù‡ Ù„Ùˆ Ø¬ÙŠØªÙƒ Ù„Ø§ Ø§ÙØªØªÙ„,Negative Comment
Ø§ÙŠÙ‡ Ø¯Ø§ Ø­Ø¯ÙŠØ« Ù©Ù© Ø§Ù„Ø§ØºÙ†ÙŠØ©,Negative Comment
"si te pido un beso ven dÃ¡melo, yo sÃ© que estÃ¡s pensÃ¡ndolo, llevo un tiempo intentÃ¡ndolooo ğŸ’ƒâœ¨ PASITO A PASITO SJSJDJ",Positive Comment
How does this video have more views than the current human population of 8.1 billion????,Positive Comment
Only 8B views? ğŸ«¥,Positive Comment
Who is listening in 2024â¤ğŸ˜®,Positive Comment
Ğ”Ğ¾ ÑĞ¸Ñ… Ğ¿Ğ¾Ñ€ Ğ·Ğ°Ğ¶Ğ¸Ğ³Ğ°ĞµĞ¼Ğ¾,Negative Comment
Oui tout mais j&#39;y crois plusğŸ˜¢prÃ©nom g....mais j&#39;ai dit fini je te bloque pas de rÃ©actions jamais de discussions <br>Sa phrase&quot;les nons dits veulent tout dire&quot; trop de mascarade.  Mare de tout cela   ..il sait oÃ¹ me trouver mais j&#39;y crois plus,Positive Comment
2024 anyone? ğŸ‘€,Positive Comment
Ğ¯ Ğ¿Ñ€Ğ¾ÑÑ‚Ğ¾ Ğ¾Ğ±Ğ¾Ğ¶Ğ°Ñ Ğ»Ğ°Ñ‚Ğ¸Ğ½Ğ¾ â¤,Positive Comment
2024ğŸ‰ğŸ‰,Positive Comment
Esta canciÃ³n es mÃ­tica,Positive Comment
Who is listening in 2024?,Positive Comment
2024ğŸ˜,Positive Comment
It will always hit,Positive Comment
Oro,Positive Comment
ã„ã„ã­ãŒæ¬²ã—ã„,Negative Comment
AbonnÃ© vous,Negative Comment
Hello,Positive Comment
i dont know why i re-watched this again after 7 years,Negative Comment
EHSANULLAH pepAmin ğŸ˜ ğŸ¥° ğŸ˜‡ ğŸ˜Š ğŸ˜‰ ğŸ˜™ ğŸ˜ ğŸ¥° ğŸ˜‡,Positive Comment
2024â¤,Positive Comment
sond that are more than 7 years old are the best.,Positive Comment
Here in 2024. Shit is still so damn good. Fonsi and yankee were meant for this fr,Positive Comment
ğŸ‡§ğŸ‡©ğŸ™‚,Positive Comment
8 billion view ğŸ¤¯ who&#39;s left not seen this yet?,Positive Comment
"El orgullo que siento en el pecho al saber que la mayorÃ­a del planeta entero ha escuchado esta canciÃ³n, es inmenso ğŸ¥ºğŸ˜­ğŸ‡µğŸ‡·ğŸ©µğŸ’•",Positive Comment
It lowkey hits harder when you have no clue what they yapping about,Negative Comment
Me after knowing lyrics ğŸ’€ğŸ¤¡,Positive Comment
8376 M de visualizaciones ğŸ˜®,Positive Comment
This is the best viwers song in the worldğŸ«£ will be maybe 1000 core viewsğŸ‰,Positive Comment
"without the lyrics, the song really deceives us completely ğŸ˜¶ğŸ˜¶ğŸ˜¶",Negative Comment
Who is in 2024,Positive Comment
l from Russha  Ğ´Ğ°Ğ»ÑŒÑˆĞµ Ğ½Ğµ Ğ·Ğ½Ğ°Ñ Ñ‡Ñ‚Ğ¾ Ğ¿Ğ¸ÑĞ°Ñ‚ÑŒ Ğ½Ğ¾ Ğ´Ğ°Ğ¶Ğµ Ğ´Ğ¾ ÑÑĞ´Ğ° Ğ´Ğ¾Ğ±Ñ€Ğ¾Ğ»Ğ°ÑÑŒ ÑÑ‚Ğ¾ Ğ¿ĞµÑĞ½ÑğŸ˜…,Negative Comment
8B views &amp; 4M comments but no comment with 200K likes? Let&#39;s make this one :),Positive Comment
Alguien el 12 de febrero,Positive Comment
Understanding 0%ğŸ˜…ğŸ˜…ğŸ˜…ğŸ˜… enjoy hundred %ğŸ˜ŠğŸ˜ŠğŸ˜Š,Positive Comment
4.2M comments 8.3B views,Positive Comment
Your all sus why are you doing that,Negative Comment
2024 ğŸ˜‚ğŸ˜‚ğŸ˜‚,Positive Comment
AyyyyğŸ¤—ğŸ’ƒğŸ¤¸ğŸ¤¸ğŸ’ƒğŸ’ƒğŸ¤¸,Positive Comment
Katherine Cajulao favorite song is Despacito it&#39;s remind me thinking about Robin Torres it&#39;s part of me about all my whole life with her this song for her,Positive Comment
AyyyyğŸ¤—ğŸ’ƒğŸ¤¸ğŸ¤¸ğŸ’ƒğŸ’ƒğŸ¤¸,Positive Comment
People listening this for Valentine&#39;s day â¤,Positive Comment
thanks for 2 subscribe â¤â¤,Positive Comment
2024 ğŸ˜,Positive Comment
Daddy Yankee is Illuminati,Positive Comment
2024 anyone?,Positive Comment
"This song I watch in 2024,  and this is cool ğŸ˜",Positive Comment
malaysia hadir . 2024 hadir,Positive Comment
Whoâ€™s here in 2024?ğŸ˜Š,Positive Comment
The fact you realise that this song views are more than world population,Positive Comment
Bella canzone.. l ascolto ancora oggi...,Positive Comment
The fact you realise that this song views are more than world population ğŸ˜…,Positive Comment
"<a href=""https://youtube.com/@nomanhussain1863?si=GJzuNSg-Tba9wteO"">https://youtube.com/@nomanhussain1863?si=GJzuNSg-Tba9wteO</a>",Positive Comment
Ğ•ÑÑ‚ÑŒ ĞµÑ‰Ğµ Ñ‚Ğµ ĞºÑ‚Ğ¾ ÑĞ»ÑƒÑˆĞ°ĞµÑ‚ ÑÑ‚Ñƒ Ğ·Ğ°Ğ¼ĞµÑ‡Ğ°Ñ‚ĞµĞ»ÑŒĞ½ÑƒÑ Ğ¸ ĞºÑ€Ğ°ÑĞ¸Ğ²ÑƒÑ Ğ´ÑƒÑˆĞµĞ²Ğ½ÑƒÑ Ğ¼ÑƒĞ·Ñ‹ĞºÑƒ Ğ² 2024 ? â¤,Positive Comment
Who watch this music in 2024 ğŸ˜‚,Positive Comment
you have commented more than 4 Million but not but subscribed <br>ğŸ‘‡,Positive Comment
ğŸ‰â¤,Positive Comment
"This song isn&#39;t even that good, it does not deserve this ridiculous amount of views.",Negative Comment
ë‚¨ë¯¸ê°€ê³ ì‹¶ë‹¤,Negative Comment
Ãšchyle,Positive Comment
Liking the song because of the vibes ğŸ˜<br>Liking the song because of the lyrics ğŸ’€,Positive Comment
"This is the song of which country and what is the name of this language, someone please tell me",Negative Comment
Who is here in 2024,Positive Comment
"<a href=""https://www.youtube.com/watch?v=OAGzrlACZRc"">https://www.youtube.com/watch?v=OAGzrlACZRc</a> this video has no reason to be popular",Negative Comment
"I still remember when this video used to be 3 years ago, now it&#39;s 7 years agoğŸ˜­ğŸ˜­",Positive Comment
ğŸ˜¢,Positive Comment
â¤â¤â¤,Positive Comment
HelÃ³ ğŸ§¸ğŸ§¸<br>Blessings ğŸ™ğŸ™ŒğŸ’‹ğŸ™â¤â¤â¤â¤ğŸ˜‚ğŸ˜‚ğŸ‰ğŸ˜‚,Positive Comment
Ğ–Ğ¸Ğ²Ñƒ Ğ² ÑĞ¸Ğ±Ğ¸Ñ€Ğ¸. Ğ–Ğ¸Ğ·Ğ½Ğ¸ Ğ½ĞµÑ‚ Ğ±ĞµĞ· Ğ´ĞµĞ½ĞµĞ³ Ğ¶ĞµĞ½Ñ‰Ğ¸Ğ½ Ğ¸ Ğ²Ğ¸Ğ½Ğ°.,Positive Comment
2024. anyone?,Positive Comment
"<a href=""https://youtube.com/@Hindufighter?si=MWQ5JCxvlSFYI68t"">https://youtube.com/@Hindufighter?si=MWQ5JCxvlSFYI68t</a>",Positive Comment
2024 â¤West Bengalâ¤ à¦¥à§‡à¦•à§‡ à¦•à§‡ à¦•à§‡ à¦à¦‡ à¦—à¦¾à¦¨ à¦Ÿà¦¾ à¦¶à§à¦¨à¦›à§‹ à¦²à¦¾à¦‡à¦• à¦•à¦°à§‹â¤â¤,Positive Comment
Any legends here in 2024?,Positive Comment
Wow energetic song â¤â¤â¤â¤ Love from Nepal,Positive Comment
there are more views on this vedio than the fucking world population!!!!!!,Negative Comment
best,Positive Comment
Who is here 2024?â¤,Positive Comment
ğŸ˜Šâ¤â¤â¤â¤â¤â¤ğŸ˜‚ğŸ˜‚ğŸ˜‚ğŸ‰ğŸ‰ğŸ‰ğŸ‰ğŸ˜…ğŸ˜…ğŸ˜…ğŸ˜…ğŸ˜…<br><br><br>ğŸ˜ŠğŸ˜ŠğŸ˜ŠğŸ˜ŠğŸ˜ŠğŸ‰ğŸ‰,Positive Comment
What kind of girl&#39;s are they?,Positive Comment
2024 ?,Positive Comment
10 billion ğŸ‰ 2025,Positive Comment
2024ğŸ˜Šâ¤,Positive Comment
I remember this song and came to watch.,Positive Comment
ğŸ‘·ğŸ‘·ğŸ‘·,Positive Comment
Don&#39;t know the language<br>still  enjoy the songğŸ˜…ğŸ˜…,Positive Comment
Who watching this in 2024<br>ğŸ‘‡,Positive Comment
"The Battle of Lake Poyang was a crucial naval battle fought in 1363 during the end of the Yuan dynasty in China. It was the largest naval battle in history, with an estimated 850,000 soldiers and sailors involved. The battle was important because it marked a turning point in Chinese history, leading to the downfall of the Yuan dynasty and the eventual rise of the Ming dynasty. The victory at Lake Poyang enabled the Ming forces to solidify their control over southern China and consolidate their power. It also highlighted the strategic importance of naval warfare in Chinese military history. The battle demonstrated the effectiveness of guerrilla warfare tactics and the importance of alliances between regional warlords in shaping the course of Chinese history. The aftermath of the battle led to a period of stability and prosperity under the Ming dynasty, which lasted over three centuries. Overall, the Battle of Lake Poyang was a significant event that had a lasting impact on Chinese history, politics, and culture.",Positive Comment
Who is here in 2024ğŸ‰ğŸ˜‚?,Positive Comment
Who believes that Despacito became major hit because of Daddy Yanky???,Negative Comment
ğŸ‰ğŸ‰ğŸ‰ğŸ‰,Positive Comment
Â¿QuiÃ©n quiere que It sea el vÃ­deo nÃºmero 1 en YouTube?,Negative Comment
El vÃ­deo con mÃ¡s likes en el mundo ğŸŒ,Positive Comment
"<a href=""https://www.youtube.com/watch?v=kJQP7kiw5Fk&amp;t=63"">1:03</a>",Negative Comment
"<a href=""https://www.youtube.com/watch?v=kJQP7kiw5Fk&amp;t=64"">1:04</a>",Negative Comment
"<a href=""https://www.youtube.com/watch?v=kJQP7kiw5Fk&amp;t=42"">0:42</a>",Negative Comment
2024 come back songs fill nowğŸ˜ğŸ˜ğŸ˜ğŸ¤˜ğŸ¤˜ğŸ”¥ğŸ”¥ğŸ¤™ğŸ¤™,Positive Comment
"<b>I remember that because this song was getting so many views, that they were using the comments section to promote their channels. It probably don&#39;t work now though. Doubt anyone&#39;ll see me.</b> haha",Positive Comment
"<a href=""https://www.youtube.com/watch?v=kJQP7kiw5Fk&amp;t=87"">1:27</a> seconds gives me a headache",Negative Comment
This really was the closest we got to world peace,Positive Comment
Justin oligara<br>Jeremey weaser<br>Edward alexabder dolb<br>Mitchell warren<br>Christina baker<br>Chelsea avangale<br>V2k terrorists,Positive Comment
2025 attendance please !!  â¤,Positive Comment
Anyone in 2024ğŸ˜Š,Positive Comment
Ğ‘Ğ»ÑÑ‚ÑŒ. 8 Ğ¼Ğ¸Ğ»Ğ»Ğ¸Ğ°Ñ€Ğ´Ğ¾Ğ² Ğ¿Ñ€Ğ¾ÑĞ¼Ğ¾Ñ€Ğ¾Ğ²ğŸ˜®,Negative Comment
4 savol:<br>hafta_kunlari = {<br>&quot;dushanba&quot;:1<br>&quot;seshanba&quot;:2<br>&quot;chorshanba&quot;:3<br>&quot;payshanba&quot;:4<br>&quot;juma&quot;:5<br>&quot;shanba&quot;:6<br>&quot;yakshanba&quot;:7<br>}<br>a = input()<br>if a in hafta_kunlari:<br>         print(hafta_kunlari[a]),Negative Comment
Who is still watching this in 2024 ğŸ‘,Positive Comment
"tuple1 = (4,5)<br>tuple2=(6,7)<br>tuple1 = tuple2",Negative Comment
Still listening this song â¤,Positive Comment
Really wanna know whoâ€™s in 2024,Positive Comment
í•œêµ­ì¸ ì†,Negative Comment
WHO&#39;S HERE FEBRUARY 2024<br>FOR THE SUPER LEGEND â­ğŸ‘‘<br>like and comment &quot;ME&quot;,Positive Comment
"<a href=""https://www.youtube.com/watch?v=kJQP7kiw5Fk&amp;t=57"">0:57</a> why does that street remind me of a COD level?",Negative Comment
No mames tantas visitas,Negative Comment
yes,Positive Comment
Indian,Negative Comment
No es sorprendente que esta cancion tenga 8300 millones de visitas,Negative Comment
2024 ?? ğŸ˜‚â¤,Positive Comment
cool song,Positive Comment
2/12/2024,Positive Comment
Impressive ğŸ’¯â£ï¸,Positive Comment
"<a href=""https://www.youtube.com/shorts/LWggP_zl0a4"">https://youtube.com/shorts/LWggP_zl0a4?si=usGb6VTuIzNxx3Y4</a>",Negative Comment
This song is so nostalgia,Positive Comment
"Itâ€™s February 2024,letâ€™s see how many legends are listening to this incredible song â¤",Positive Comment
Happy valentines Day gusy â¤,Positive Comment
I canâ€™t believe the whole world listened to this song,Negative Comment
It seven years ago. But people who are listening this song. â¤ğŸ«¶,Positive Comment
anyone else who listen in 2024ğŸ˜‚,Positive Comment
BRUH,Positive Comment
Me  gustan  tus  musicas,Positive Comment
ãƒ†ãƒŸãƒ³ã—ã„ğŸ˜‚å¤§äººã®ã†ãŸã‚’ã†ãŸã„ã“ãªã—ã¦ã„ãŸã­ğŸ˜Š,Positive Comment
å¤§è°·é¸æ‰‹ãŒã€æ­Œã£ã¦ã„ãŸã¨ã¯ã­ğŸ˜Šã‚‚ã¡ã‚ã‚“ã‚¹ãƒ‘ãƒ‹ãƒƒã‚·ãƒ¥ã ã‚ã†ã­ğŸ˜Š,Positive Comment
ãƒ†ãƒŸãƒ³ã—ã„ãŒæ­Œã£ã¦ã„ã¦å¿…æ­»ã§æ­Œè©ã‚’ã‹ãã¨ã£ã¦ã­æ­Œã£ã¦ã„ãŸã‚ˆã‚½ãƒ¬ã‚½ãƒ¬ã£ã¦ğŸ˜Š,Positive Comment
2024â¤â¤,Positive Comment
Menyala abangkuhğŸ”¥,Negative Comment
Aiiiiiiiiiiiiiii,Positive Comment
Anyone watching this song in 2024â¤ğŸ˜Š,Positive Comment
SWEET,Positive Comment
Alguien en 2024 ğŸ˜¢ğŸ˜¢ğŸ˜…ğŸ˜…,Positive Comment
We&#39;re in a world where Baby Shark and this are the most viewed videos on YouTube ğŸ’€what a load of garbage,Negative Comment
2024 saya masih mendengarnya,Positive Comment
ABC,Negative Comment
ğŸ˜ŠğŸ˜…ğŸ˜®,Positive Comment
Gosh.when I translate it into Englishâ€¦CRAZY,Negative Comment
EstÃ¡ canciÃ³n me pone de buenas o no,Positive Comment
Esa canciÃ³n  la escribiÃ³ daddy,Positive Comment
Quien vino a escuchar este himno despuÃ©s de muchos aÃ±osâ¤,Positive Comment
2024 ğŸ˜?,Positive Comment
2024??,Negative Comment
Add a commentâ€¦,Negative Comment
Qui est la ?,Negative Comment
"em 2024 aqui agora.... ouvindo.... desculpa , caiu uma lÃ¡grima aqui e nÃ£o foi cisco nÃ£o senhor ğŸ˜¢",Positive Comment
"<a href=""https://www.youtube.com/watch?v=kJQP7kiw5Fk&amp;t=127"">2:07</a> vs edit music",Negative Comment
I remember dis shiğŸ˜‚,Positive Comment
8.3billion views woah dayumğŸ˜,Negative Comment
Despacito mage yatibada puk pashito,Positive Comment
12.2.2024 váº«n nghe,Positive Comment
Me  encanta  esta  cancionğŸ˜ŠğŸ˜Š,Positive Comment
Primero,Positive Comment
8 billion views,Positive Comment
anyone here in 2024?,Positive Comment
ç§ã®ä½“ã¨å¿ƒâ¤ãŒâ€¦è²´æ–¹ãŒæ¬²ã—ã„ã¨ã€ã„ã¤ã¾ã§ã‚‚æ°¸é ã«ã€ã“ã®åºƒã„ä¸–ç•Œã‚’ã‚™å½·å¾¨ã£ã¦ã„ã‚‹ã‚ğŸ‘„,Positive Comment
Udjdkkfif,Positive Comment
8 bi de pessoas kkk,Positive Comment
ğŸ˜®ğŸ˜®ğŸ˜®ğŸ˜®ğŸ˜®,Positive Comment
Fonsi â¤â¤ğŸ˜ŠğŸ˜ŠğŸ˜Š,Positive Comment
Despacito,Negative Comment
"8,3 Billion crazy",Positive Comment
9 Millard views ğŸ˜®,Positive Comment
I farted,Negative Comment
Qui est revenu lâ€˜Ã©coutÃ© en 2024,Positive Comment
Despasito ğŸ˜®ğŸ˜…,Negative Comment
ĞŸÑ€Ğ¾ÑĞ¼Ğ¾Ñ‚Ñ€Ñ‹ğŸ’€,Negative Comment
I don&#39;t know Spanish but i can sing this song very well coz it&#39;s my daily routine every morning,Positive Comment
Ppl that came here to se the most liked video on yt<br>ğŸ‘‡,Positive Comment
URI EL. RECORDS DO SHOW!,Positive Comment
Fucking love thisâ¤,Positive Comment
Y MICHA EL SALIO DEL REINO DEL CIELO!!!!!!!!!!!,Positive Comment
Las Diothas!,Positive Comment
Nowâ¤â¤â¤â¤ 1.4 k ğŸ˜Š,Positive Comment
Pase ig de la modelo,Negative Comment
MOST VIEWED VIDEO!!!,Positive Comment
æœ€é«˜ã®ææƒšâ¤ï¸ã®ä¸–ç•Œã«ã€ã“ã®ç§ã®ã‚™èº«ã‚‚å¿ƒã‚‚å…¨ã¦æ§ã’ã¦ã„ã‚‹ã‚ğŸ’•ç§ã®ã‚™ä¸­ã«ã„ã‚‹ã€ã‚‚ã†ã²ã¨ã‚Šã®ç§ã€ãã†ã€ã„ã‘ãªã„æ¬²æœ›ãŒã€ã„ã¤ã¾ã§ã‚‚è²´æ–¹ã®äº‹ã‚’ã‚™æ¢ã—æ±‚ã‚ã¦ã„ã‚‹ã‚â€¦ğŸ‘„ãã†ã€ã“ã®å‘½ã®ç‚ğŸ”¥ãŒæ¶ˆãˆå»ã£ã¦ã—ã¾ã†ã¾ã§â€¦ğŸŒ¹,Positive Comment
The whole earth listen to this work &amp; sure repeat,Positive Comment
11-02-2024 â¤ essa musica ainda e sucesso!â¤,Positive Comment
Zaman Ã§ok hÄ±zlÄ± geÃ§iyor ÅŸimdi 2024,Positive Comment
2024 ?,Positive Comment
Love from India â¤,Positive Comment
Ğ ÑƒÑÑĞºĞ¸Ğµ ĞµÑÑ‚ÑŒ ĞºÑ‚Ğ¾ ÑĞ»ÑƒÑˆĞ°ĞµÑ‚ ÑÑ‚Ğ¾Ñ‚ ĞºĞ¾Ğ½Ñ‚ĞµĞ½Ñ‚ ?,Negative Comment
Oh hell nah,Negative Comment
Siapapun itu di 2024ğŸ˜Š,Negative Comment
Language of this song? someone please,Negative Comment
anyone in 2024?,Positive Comment
"Poor youtube, hows this the most liked video?!! the sussiest song in existence",Negative Comment
11/2/2024â¤,Positive Comment
2024,Positive Comment
Anyone watching it in 2024 ?,Negative Comment
"we only habe 7,8 bil. ppl in this world. how 8,3 bil. ?",Negative Comment
